{"cameraMode":{"drawMode":0,"name":"Shaded","section":"Shading Mode"},"sceneLighting":true,"audioPlay":false,"sceneViewState":{"m_AlwaysRefresh":false,"showFog":true,"showSkybox":true,"showFlares":true,"showImageEffects":true,"showParticleSystems":true,"showVisualEffectGraphs":true,"m_FxEnabled":true},"in2DMode":false,"pivot":{"x":8.657493591308594,"y":0.5395491123199463,"z":-0.9979071617126465},"rotation":{"x":-0.003993174061179161,"y":0.9951258301734924,"z":-0.04512385278940201,"w":-0.08894380927085877},"size":4.594987392425537,"orthographic":false}