{"cameraMode":{"drawMode":0,"name":"Shaded","section":"Shading Mode"},"sceneLighting":false,"audioPlay":false,"sceneViewState":{"m_AlwaysRefresh":false,"showFog":true,"showSkybox":false,"showFlares":true,"showImageEffects":true,"showParticleSystems":true,"showVisualEffectGraphs":true,"m_FxEnabled":true},"in2DMode":false,"pivot":{"x":3.930000066757202,"y":0.9814640283584595,"z":-0.8099998831748962},"rotation":{"x":0.003947500605136156,"y":-0.9959326386451721,"z":0.0724421814084053,"w":0.054440613836050037},"size":1.3409639596939088,"orthographic":false}